{
    "Records"[
       {
          "eventVersion":"2.1",
          "eventSource":"aws:s3",
          "awsRegion":"us-east-1",
          "eventTime":"2022-11-30T20:53:46.099Z",
          "eventName":"ObjectCreated:Put",
          
          "userIdentity":{
             "principalId":"AWS:AROAYUWVSQIWMHGMCYK55:jabreu1@chewy.com"
          },
          "requestParameters":{
             "sourceIPAddress":"170.55.118.114"
          },
          "responseElements":{
             "x-amz-request-id":"J8X9Y45C8NET2NCA",
             "x-amz-id-2":"LQL8ZHXzwSfkIy9e65rsgjgNyNPHqI+zCM6m4Zw8eMBeh3FcLemGyl4CyoldGJtpDwgh8V8hklQFfroJfmlmb2yS1f0UaT1C"
          },
          "s3":{
             "s3SchemaVersion":"1.0",
             "configurationId":"tf-s3-lambda-20221130205024862400000001",
             "bucket":{
                "name":"joel-bucket-093091-sbx",
                "ownerIdentity":{
                   "principalId":"A315TJB4MG0YC1"
                },
                "arn":"arn:aws:s3:::joel-bucket-093091-sbx"
             },
             "object":{
                "key":"upload/",
                "size":0,
                "eTag":"d41d8cd98f00b204e9800998ecf8427e",
                "versionId":"K7pluwSwbpFBeBUITu3THYrfds3gcQ4u",
                "sequencer":"006387C2DA10481664"
             }
          }
       }
    ]
 }